﻿<?xml version="1.0" encoding="utf-8" standalone="yes" ?>
<Window size="800,180" caption="0,0,0,180" roundcorner="0,0">
    <Font id="0" name="微软雅黑" size="13" bold="false" italic="false" underline="false" />
    <Font id="1" name="微软雅黑" size="19" bold="false" italic="false" underline="false" />
    <Font id="2" name="微软雅黑" size="13" bold="false" italic="true" underline="false" />
    <Font id="3" name="微软雅黑" size="12" bold="false" italic="false" underline="false" default="true" />
    <VerticalLayout width="1004" height="270" bkimage="install_bg02.jpg">
        <VerticalLayout width="800" height="95">
            <Text name="Update.Title.Version" text="(版本:0.0) 平台正在更新..." float="true" pos="201,45,0,0" width="253" height="30" textpadding="2,0,2,0" textcolor="#00FFFFFF" disabledtextcolor="#FFA7A6AA" font="1" align="left" valign="top" />
            <Text name="Update.Title.Speed" text="(0.000KB/S)" float="true" pos="454,45,0,0" width="328" height="30" textpadding="2,0,2,0" textcolor="#00FFFFFF" disabledtextcolor="#FFA7A6AA" font="1" align="left" valign="top" />
            <Button name="BTN_MIN" tooltip="最小化" float="true" pos="762,5,0,0" width="32" height="20" textcolor="#FF000000" disabledtextcolor="#FFA7A6AA" align="center" valign="center" normalimage="file=&apos;Min.png&apos; source=&apos;0,0,32,22&apos;" hotimage="file=&apos;Min.png&apos; source=&apos;32,0,64,22&apos;" pushedimage="file=&apos;Min.png&apos; source=&apos;32,0,64,22&apos;" />
            <Label float="true" pos="0,7,0,0" width="188" height="80" bkimage="rhino_logo.png" textcolor="#FF000000" disabledtextcolor="#FFA7A6AA" align="left" valign="center" />
        </VerticalLayout>
        <VerticalLayout width="800" height="45">
            <Progress name="Update.Progress" text="0%" float="true" pos="17,4,0,0" width="766" height="36" bkimage="file=&apos;install_bar.png&apos; source=&apos;0,0,766,30&apos;" textpadding="680,6,0,0" textcolor="#00FEE901" disabledtextcolor="#FFA7A6AA" font="1" align="center" valign="top" foreimage="file=&apos;install_bar_big.png&apos; source=&apos;0,0,776,36&apos;" min="0" max="100" value="0" hor="true" />
        </VerticalLayout>
        <VerticalLayout width="800" height="42">
            <Text text="更新遇到问题？试试" float="true" pos="17,12,0,0" width="125" height="20" textpadding="2,0,2,0" textcolor="#00D6FBFF" disabledtextcolor="#FFA7A6AA" font="0" align="left" valign="top" />
            <Button name="BTN_WEBDOWNLOAD" text="{u}{a}下载完整客户端{/u}{/a}" float="true" pos="141,12,0,0" width="95" height="20" textcolor="#0000C2FF" disabledtextcolor="#FFA7A6AA" font="2" showhtml="true" align="center" valign="center" />
            <Button name="BTN_CONTROL" text="取消更新" float="true" pos="712,12,0,0" width="60" height="20" textcolor="#0000C2FF" disabledtextcolor="#FFA7A6AA" font="0" align="center" valign="center" />
        </VerticalLayout>
    </VerticalLayout>
</Window>
