﻿<?xml version="1.0" encoding="utf-8" standalone="yes" ?>
<Window size="600,400" caption="0,0,0,400" roundcorner="0,0">
    <Font id="0" name="微软雅黑" size="13" bold="false" italic="false" underline="false" />
    <Font id="1" name="微软雅黑" size="15" bold="false" italic="false" underline="false" />
    <VerticalLayout width="871" height="505" bkimage="install_bg.jpg">
        <VerticalLayout width="600" height="280">
            <Button name="Btn_Min" tooltip="最小化" float="true" pos="533,3,0,0" width="32" height="22" textcolor="#FF000000" disabledtextcolor="#FFA7A6AA" align="center" valign="center" normalimage="file=&apos;Min.png&apos; source=&apos;0,0,32,22&apos;" hotimage="file=&apos;Min.png&apos; source=&apos;32,0,64,22&apos;" pushedimage="file=&apos;Min.png&apos; source=&apos;64,0,96,22&apos;" />
            <Button name="Btn_Close" tooltip="关闭" float="true" pos="565,3,0,0" width="32" height="22" textcolor="#FF000000" disabledtextcolor="#FFA7A6AA" align="center" valign="center" normalimage="file=&apos;Close.png&apos; source=&apos;0,0,32,22&apos;" hotimage="file=&apos;Close.png&apos; source=&apos;32,0,64,22&apos;" pushedimage="file=&apos;Close.png&apos; source=&apos;64,0,96,22&apos;" />
            <Label name="Label.Image" visible="false" float="true" pos="0,40,0,0" width="600" height="240" bkimage="0.png" textcolor="#FF000000" disabledtextcolor="#FFA7A6AA" align="left" valign="center" />
        </VerticalLayout>
        <VerticalLayout width="600" height="120">
            <Progress name="Progress.Download" float="true" pos="17,37,0,0" width="566" height="36" bkimage="file=&apos;install_bar.png&apos; source=&apos;0,102,565,132&apos;" textcolor="#FF000000" disabledtextcolor="#FFA7A6AA" align="center" valign="top" foreimage="file=&apos;install_bar_small.png&apos; source=&apos;0,0,566,36&apos;" min="0" max="100" value="0" hor="true" />
            <Text name="Text.Progress" text="安装进度... 0%" float="true" pos="20,9,0,0" width="330" height="22" textpadding="2,0,2,0" textcolor="#00FEE901" disabledtextcolor="#FFA7A6AA" font="1" align="left" valign="top" />
            <Text name="Text.Download" text="请耐心等待，马上就好！当前速度：0.000KB/S" visible="false" float="true" pos="20,73,0,0" width="458" height="22" textpadding="2,0,2,0" textcolor="#00D6FBFF" disabledtextcolor="#FFA7A6AA" font="0" align="left" valign="top" />
        </VerticalLayout>
    </VerticalLayout>
</Window>
