﻿<?xml version="1.0" encoding="utf-8" standalone="yes" ?>
<Window size="600,400" caption="0,0,0,400">
    <Font id="0" name="微软雅黑" size="13" bold="false" italic="false" underline="false" />
    <Font id="1" name="微软雅黑" size="15" bold="false" italic="false" underline="false" />
    <VerticalLayout width="828" height="477" bkimage="install_bg.jpg">
        <VerticalLayout width="600" height="200">
            <Button name="Btn_Min" tooltip="最小化" float="true" pos="533,3,0,0" width="32" height="22" textcolor="#FF000000" disabledtextcolor="#FFA7A6AA" align="center" valign="center" normalimage="file=&apos;Min.png&apos; source=&apos;0,0,32,22&apos;" hotimage="file=&apos;Min.png&apos; source=&apos;32,0,64,22&apos;" pushedimage="file=&apos;Min.png&apos; source=&apos;64,0,96,22&apos;" />
            <Button name="Btn_Close" tooltip="关闭" float="true" pos="565,3,0,0" width="32" height="22" textcolor="#FF000000" disabledtextcolor="#FFA7A6AA" align="center" valign="center" normalimage="file=&apos;Close.png&apos; source=&apos;0,0,32,22&apos;" hotimage="file=&apos;Close.png&apos; source=&apos;32,0,64,22&apos;" pushedimage="file=&apos;Close.png&apos; source=&apos;64,0,96,22&apos;" />
        </VerticalLayout>
        <VerticalLayout width="600" height="198">
            <VerticalLayout name="Layout_Info" width="600" height="198">
                <Label visible="false" float="true" pos="0,38,0,0" width="600" height="10" bkimage="file=&apos;Btn_Default.png&apos; source=&apos;2,50,94,54&apos;" textcolor="#FF000000" disabledtextcolor="#FFA7A6AA" align="left" valign="center" />
                <Button name="Btn_Show" visible="false" float="true" pos="445,8,0,0" width="130" height="30" textcolor="#FF000000" disabledtextcolor="#FFA7A6AA" align="center" valign="center" normalimage="file=&apos;Custom_Up.png&apos; source=&apos;0,0,130,30&apos;" hotimage="file=&apos;Custom_Up.png&apos; source=&apos;0,30,130,60&apos;" pushedimage="file=&apos;Custom_Up.png&apos; source=&apos;0,60,130,90&apos;" />
                <Text text="安装目录：" float="true" pos="20,30,0,0" width="70" height="20" textpadding="2,0,2,0" textcolor="#00D6FBFF" disabledtextcolor="#FFA7A6AA" font="0" align="left" valign="top" />
                <Edit name="Edit_Path" float="true" pos="20,55,0,0" width="430" height="40" bkimage="install_input.jpg" bkcolor="#FFFFFFFF" textpadding="4,3,4,3" textcolor="#0095DBE2" disabledtextcolor="#FFA7A6AA" font="0" align="left" valign="center" readonly="true" nativebkcolor="#00000000" normalimage="install_input.jpg" hotimage="install_input.jpg" focusedimage="install_input.jpg" />
                <Button name="Btn_path" text="更改目录" tooltip="修改安装路径" float="true" pos="450,55,0,0" width="131" height="40" textcolor="#00FFFFFF" disabledtextcolor="#FFA7A6AA" font="1" align="center" valign="center" normalimage="file=&apos;install_btn.png&apos; source=&apos;0,40,130,80&apos;" hotimage="file=&apos;install_btn.png&apos; source=&apos;0,40,130,80&apos;" pushedimage="file=&apos;install_btn.png&apos; source=&apos;0,40,130,80&apos;" />
                <Text name="Text_InstallInfo" text="所需空间：150M，可用空间：14.7GB" float="true" pos="20,103,0,0" width="420" height="22" textpadding="2,2,2,0" textcolor="#00FEE901" disabledtextcolor="#FFA7A6AA" font="0" align="left" valign="top" />
                <Button name="Btn_Install" text="立即安装" float="true" pos="210,134,0,0" width="180" height="40" textcolor="#00FFFFFF" disabledtextcolor="#FFA7A6AA" font="1" align="center" valign="center" normalimage="file=&apos;install_btn.png&apos; source=&apos;0,0,180,40&apos;" hotimage="file=&apos;Btn_Install.png&apos; source=&apos;249,0,498,84&apos;" pushedimage="file=&apos;Btn_Install.png&apos; source=&apos;498,0,747,84&apos;" />
            </VerticalLayout>
        </VerticalLayout>
    </VerticalLayout>
</Window>
