﻿<?xml version="1.0" encoding="utf-8" standalone="yes" ?>
<Window size="600,400" caption="0,0,0,400" roundcorner="0,0">
    <Font id="0" name="微软雅黑" size="15" bold="false" italic="false" underline="false" />
    <Font id="1" name="微软雅黑" size="16" bold="true" italic="false" underline="false" />
    <VerticalLayout width="822" height="547" bkimage="install_bg.jpg">
        <Button name="Btn_Min" tooltip="最小化" float="true" pos="533,3,0,0" width="32" height="22" textcolor="#FF000000" disabledtextcolor="#FFA7A6AA" align="center" valign="center" normalimage="file=&apos;Min.png&apos; source=&apos;0,0,32,22&apos;" hotimage="file=&apos;Min.png&apos; source=&apos;32,0,64,22&apos;" pushedimage="file=&apos;Btn_Mini.png&apos; source=&apos;32,0,64,22&apos;" />
        <Button name="Btn_Close" tooltip="关闭" float="true" pos="565,3,0,0" width="32" height="22" textcolor="#FF000000" disabledtextcolor="#FFA7A6AA" align="center" valign="center" normalimage="file=&apos;Close.png&apos; source=&apos;0,0,32,22&apos;" hotimage="file=&apos;Close.png&apos; source=&apos;32,0,64,22&apos;" pushedimage="file=&apos;Close.png&apos; source=&apos;32,0,64,22&apos;" />
        <Button name="BTN_OK" text="完成" float="true" pos="165,306,0,0" width="121" height="30" textcolor="#00FFFFFF" disabledtextcolor="#FFA7A6AA" font="0" align="center" valign="center" normalimage="file=&apos;install_btn.png&apos; source=&apos;0,110,121,140&apos;" hotimage="file=&apos;install_btn.png&apos; source=&apos;0,110,121,140&apos;" pushedimage="file=&apos;install_btn.png&apos; source=&apos;0,110,121,140&apos;" />
        <Button name="ETN_START" text="立即启动" float="true" pos="315,306,0,0" width="121" height="30" textcolor="#00FFFFFF" disabledtextcolor="#FFA7A6AA" font="0" align="center" valign="center" normalimage="file=&apos;install_btn.png&apos; source=&apos;0,80,121,110&apos;" hotimage="file=&apos;install_btn.png&apos; source=&apos;0,80,121,110&apos;" pushedimage="file=&apos;install_btn.png&apos; source=&apos;0,80,121,110&apos;" />
        <Label text="犀牛电竞平台安装成功！" float="true" pos="211,244,0,0" width="179" height="30" textcolor="#00FFFFFF" disabledtextcolor="#FFA7A6AA" font="1" align="left" valign="center" />
    </VerticalLayout>
</Window>
